{
    "name": "§6§l§nNoodley Body",
    "description": "§7With your unique lower body of a Furret, you stand taller than a normal player. However, you're shorter than a normal player when moving on all fours.",
    "type": "origins:multiple",
    "hitbox": {
        "type": "origins:action_on_callback",
        "entity_action_chosen": {
            "type": "origins:and",
            "actions": [
                {
                    "type": "origins:execute_command",
                    "command": "scale delay set pehkui:hitbox_height 0 @s"
                },
                {
                    "type": "origins:execute_command",
                    "command": "scale delay set pehkui:eye_height 60 @s"
                },
                {
                    "type": "origins:execute_command",
                    "command": "scale set pehkui:hitbox_width 1.3 @s"
                },
                {
                    "type": "origins:execute_command",
                    "command": "scale set pehkui:step_height 2 @s"
                },
                {
                    "type": "origins:execute_command",
                    "command": "scale set pehkui:view_bobbing 0.2 @s"
                }
            ]
        },
        "execute_chosen_when_orb": true,
        "entity_action_gained": {
            "type": "origins:and",
            "actions": [
                {
                    "type": "origins:execute_command",
                    "command": "scale delay set pehkui:hitbox_height 0 @s"
                },
                {
                    "type": "origins:execute_command",
                    "command": "scale delay set pehkui:eye_height 60 @s"
                },
                {
                    "type": "origins:execute_command",
                    "command": "scale set pehkui:hitbox_width 1.3 @s"
                },
                {
                    "type": "origins:execute_command",
                    "command": "scale set pehkui:step_height 2 @s"
                },
                {
                    "type": "origins:execute_command",
                    "command": "scale set pehkui:view_bobbing 0.2 @s"
                }
            ]
        },
        "entity_action_lost": {
            "type": "origins:and",
            "actions": [
                {
                    "type": "origins:execute_command",
                    "command": "scale delay reset pehkui:hitbox_height @s"
                },
                {
                    "type": "origins:execute_command",
                    "command": "scale delay reset pehkui:eye_height @s"
                },
                {
                    "type": "origins:execute_command",
                    "command": "scale reset pehkui:hitbox_width @s"
                },
                {
                    "type": "origins:execute_command",
                    "command": "scale reset pehkui:step_height @s"
                },
                {
                    "type": "origins:execute_command",
                    "command": "scale reset @s"
                }
            ]
        },
        "entity_action_added": {
            "type": "origins:and",
            "actions": [
                {
                    "type": "origins:execute_command",
                    "command": "scale delay set pehkui:hitbox_height 0 @s"
                },
                {
                    "type": "origins:execute_command",
                    "command": "scale delay set pehkui:eye_height 60 @s"
                },
                {
                    "type": "origins:execute_command",
                    "command": "scale set pehkui:hitbox_width 1.3 @s"
                },
                {
                    "type": "origins:execute_command",
                    "command": "scale set pehkui:step_height 2 @s"
                },
                {
                    "type": "origins:execute_command",
                    "command": "scale set pehkui:view_bobbing 0.2 @s"
                }
            ]
        },
        "entity_action_removed": {
            "type": "origins:and",
            "actions": [
                {
                    "type": "origins:execute_command",
                    "command": "scale delay reset pehkui:hitbox_height @s"
                },
                {
                    "type": "origins:execute_command",
                    "command": "scale delay reset pehkui:eye_height @s"
                },
                {
                    "type": "origins:execute_command",
                    "command": "scale reset pehkui:hitbox_width @s"
                },
                {
                    "type": "origins:execute_command",
                    "command": "scale reset pehkui:step_height @s"
                },
                {
                    "type": "origins:execute_command",
                    "command": "scale reset pehkui:view_bobbing @s"
                },
                {
                    "type": "origins:execute_command",
                    "command": "scale reset @s"
                }
            ]
        },
        "entity_action_respawned": {
            "type": "origins:and",
            "actions": [
                {
                    "type": "origins:execute_command",
                    "command": "scale delay set pehkui:hitbox_height 0 @s"
                },
                {
                    "type": "origins:execute_command",
                    "command": "scale delay set pehkui:eye_height 60 @s"
                },
                {
                    "type": "origins:execute_command",
                    "command": "scale set pehkui:hitbox_width 1.3 @s"
                },
                {
                    "type": "origins:execute_command",
                    "command": "scale set pehkui:step_height 2 @s"
                },
                {
                    "type": "origins:execute_command",
                    "command": "scale set pehkui:view_bobbing 0.2 @s"
                }
            ]
        }
    },
    "movement_height": {
        "condition": {
            "type": "origins:moving"
        },
        "type": "origins:action_over_time",
        "interval": 5,
        "rising_action": {
            "type": "origins:and",
            "actions": [
                {
                    "type": "origins:execute_command",
                    "command": "scale set pehkui:hitbox_height 0.9 @s"
                },
                {
                    "type": "origins:execute_command",
                    "command": "scale set pehkui:eye_height 0.8 @s"
                }
            ]
        },
        "falling_action": {
            "type": "origins:and",
            "actions": [
                {
                    "type": "origins:execute_command",
                    "command": "scale set pehkui:hitbox_height 1.3 @s"
                },
                {
                    "type": "origins:execute_command",
                    "command": "scale set pehkui:eye_height 1.3 @s"
                }
            ]
        }
    }
}