{
    "name": "§6§l§nRun Away",
    "description": "§7When low on health, you gain a substantial speed boost in order to flee from danger.",
    "type": "origins:multiple",
    "speed": {
        "condition": {
            "type": "origins:and",
            "conditions": [
                {
                    "type": "origins:health",
                    "comparison": "<=",
                    "compare_to": 8
                },
                {
                    "type": "origins:sprinting"
                }
            ]
        },
        "type": "origins:conditioned_attribute",
        "modifier": {
            "attribute": "generic.movement_speed",
            "operation": "multiply_total",
            "value": 0.5
        },
        "tick_rate": 5,
        "update_health": true
    }
}