{
    "name": "§6§l§nUnequipped Frame",
    "description": "§7Due to your swift and nimble physique that's built for movement, your body isn't the best shape for wearing armor, leading to armor protecting you 30% less.",
    "type": "origins:attribute",
    "modifiers": [
        {
            "attribute": "generic.armor",
            "operation": "multiply_total",
            "value": -0.3
        },
        {
            "attribute": "generic.armor_toughness",
            "operation": "multiply_total",
            "value": -0.3
        }
    ],
    "update_health": true
}